{
  "learning_rates": [
    1e-06,
    3e-06,
    1e-05,
    3e-05,
    0.0001,
    0.0003,
    0.001
  ],
  "color_probabilities": {
    "orange": [
      0.003668559482321143,
      0.019718386232852936,
      0.2735658884048462,
      0.9123985767364502,
      0.9993321299552917,
      0.9998363256454468,
      0.9999998807907104
    ],
    "red": [
      0.01794242672622204,
      0.04082706198096275,
      0.0957774966955185,
      0.009602556005120277,
      2.8289572583162226e-05,
      4.356017484496988e-07,
      8.484137168374433e-16
    ],
    "blue": [
      0.8601099252700806,
      0.7412660717964172,
      0.2471301555633545,
      0.0030775938648730516,
      6.892135843372671e-06,
      6.193590706971008e-08,
      2.1500740225968338e-16
    ],
    "green": [
      0.02111581340432167,
      0.03833296149969101,
      0.06216748431324959,
      0.008208858780562878,
      4.8429636080982164e-05,
      1.824368780489749e-07,
      1.2051165227527498e-16
    ],
    "yellow": [
      0.015979887917637825,
      0.0317864753305912,
      0.10387173295021057,
      0.01894950680434704,
      0.00010647313320077956,
      2.7049206892115762e-06,
      2.1882224764818714e-13
    ]
  }
}