{
  "orange": {
    "1e-06": {
      "red": 0.01794242672622204,
      "blue": 0.8601099252700806,
      "green": 0.02111581340432167,
      "yellow": 0.015979887917637825,
      "orange": 0.003668559482321143
    },
    "3e-06": {
      "red": 0.04082706198096275,
      "blue": 0.7412660717964172,
      "green": 0.03833296149969101,
      "yellow": 0.0317864753305912,
      "orange": 0.019718386232852936
    },
    "1e-05": {
      "red": 0.1071556806564331,
      "blue": 0.42055657505989075,
      "green": 0.05321885272860527,
      "yellow": 0.07061300426721573,
      "orange": 0.16853679716587067
    },
    "3e-05": {
      "red": 0.01983865723013878,
      "blue": 0.006363981403410435,
      "green": 0.009709374979138374,
      "yellow": 0.023366287350654602,
      "orange": 0.8914812803268433
    },
    "0.0001": {
      "red": 6.563997885677963e-05,
      "blue": 1.0674725672288332e-05,
      "green": 6.946656503714621e-05,
      "yellow": 0.00026247126515954733,
      "orange": 0.9989268183708191
    },
    "0.0003": {
      "red": 1.7882522129752942e-08,
      "blue": 7.264131518525119e-09,
      "green": 8.785833216506944e-08,
      "yellow": 5.797632525172958e-07,
      "orange": 0.9999744892120361
    },
    "0.001": {
      "red": 4.572910192873758e-12,
      "blue": 3.00315479949409e-12,
      "green": 5.564737581321977e-13,
      "yellow": 6.675879900969184e-12,
      "orange": 0.999995231628418
    },
    "0": {
      "red": 0.012403087690472603,
      "blue": 0.8809360861778259,
      "green": 0.016213882714509964,
      "yellow": 0.01196138933300972,
      "orange": 0.0016523151425644755
    }
  },
  "blue": {
    "1e-06": {
      "red": 0.01039011962711811,
      "blue": 0.9130618572235107,
      "green": 0.01550190057605505,
      "yellow": 0.008931568823754787,
      "orange": 0.001188655267469585
    },
    "3e-06": {
      "red": 0.007854362018406391,
      "blue": 0.9419798851013184,
      "green": 0.014629809185862541,
      "yellow": 0.005514194257557392,
      "orange": 0.0006646704277954996
    },
    "1e-05": {
      "red": 0.0051301829516887665,
      "blue": 0.9673324227333069,
      "green": 0.014994900673627853,
      "yellow": 0.002290481235831976,
      "orange": 0.00018559668387752026
    },
    "3e-05": {
      "red": 0.0018899883143603802,
      "blue": 0.9828625321388245,
      "green": 0.010492842644453049,
      "yellow": 0.0005698451423086226,
      "orange": 6.425172614399344e-05
    },
    "0.0001": {
      "red": 0.0005250389222055674,
      "blue": 0.9807012677192688,
      "green": 0.0013756564585492015,
      "yellow": 0.00010036179446615279,
      "orange": 5.386749762692489e-05
    },
    "0": {
      "red": 0.012403087690472603,
      "blue": 0.8809360861778259,
      "green": 0.016213882714509964,
      "yellow": 0.01196138933300972,
      "orange": 0.0016523151425644755
    }
  },
  "red": {
    "1e-06": {
      "red": 0.025776568800210953,
      "blue": 0.8800902962684631,
      "green": 0.01814933493733406,
      "yellow": 0.01290978118777275,
      "orange": 0.0018095818813890219
    },
    "3e-06": {
      "red": 0.09181245416402817,
      "blue": 0.8220214247703552,
      "green": 0.021306265145540237,
      "yellow": 0.014650369994342327,
      "orange": 0.002063149819150567
    },
    "1e-05": {
      "red": 0.7374882102012634,
      "blue": 0.22168132662773132,
      "green": 0.012513085268437862,
      "yellow": 0.008706316351890564,
      "orange": 0.0013389745727181435
    },
    "3e-05": {
      "red": 0.9597830176353455,
      "blue": 0.018491076305508614,
      "green": 0.002136761089786887,
      "yellow": 0.0029657501727342606,
      "orange": 0.0020354650914669037
    },
    "0.0001": {
      "red": 0.9387327432632446,
      "blue": 0.005957520566880703,
      "green": 0.0007312290254049003,
      "yellow": 0.0016874956199899316,
      "orange": 0.006223548669368029
    },
    "0": {
      "red": 0.012403087690472603,
      "blue": 0.8809360861778259,
      "green": 0.016213882714509964,
      "yellow": 0.01196138933300972,
      "orange": 0.0016523151425644755
    }
  },
  "yellow": {
    "0": {
      "red": 0.012403087690472603,
      "blue": 0.8809360861778259,
      "green": 0.016213882714509964,
      "yellow": 0.01196138933300972,
      "orange": 0.0016523151425644755
    },
    "3e-06": {
      "red": 0.025924308225512505,
      "blue": 0.834803581237793,
      "green": 0.030492398887872696,
      "yellow": 0.04560466483235359,
      "orange": 0.0029526057187467813
    },
    "1e-05": {
      "red": 0.0729367583990097,
      "blue": 0.37275993824005127,
      "green": 0.06312258541584015,
      "yellow": 0.43151187896728516,
      "orange": 0.0067920079454779625
    },
    "3e-05": {
      "red": 0.0227610245347023,
      "blue": 0.011122136376798153,
      "green": 0.01345185749232769,
      "yellow": 0.942916750907898,
      "orange": 0.003448718460276723
    },
    "0.0001": {
      "red": 0.0011948224855586886,
      "blue": 0.0004050199349876493,
      "green": 0.0010215522488579154,
      "yellow": 0.992240309715271,
      "orange": 0.0012627713149413466
    },
    "1e-06": {
      "orange": 0.001983259804546833,
      "blue": 0.8784626126289368,
      "red": 0.0157452579587698,
      "yellow": 0.018729669973254204,
      "green": 0.01998436450958252,
      "purple": 0.018281426280736923
    }
  },
  "green": {
    "0": {
      "red": 0.012403087690472603,
      "blue": 0.8809360861778259,
      "green": 0.016213882714509964,
      "yellow": 0.01196138933300972,
      "orange": 0.0016523151425644755
    },
    "1e-06": {
      "red": 0.013944972306489944,
      "blue": 0.8797358870506287,
      "green": 0.027931537479162216,
      "yellow": 0.012255811132490635,
      "orange": 0.0017114072106778622
    },
    "3e-06": {
      "red": 0.018423981964588165,
      "blue": 0.8372704982757568,
      "green": 0.07273856550455093,
      "yellow": 0.013637734577059746,
      "orange": 0.0019379107980057597
    },
    "1e-05": {
      "red": 0.037143684923648834,
      "blue": 0.44819244742393494,
      "green": 0.44991743564605713,
      "yellow": 0.02006818912923336,
      "orange": 0.002626410685479641
    },
    "3e-05": {
      "red": 0.020689310505986214,
      "blue": 0.08043298125267029,
      "green": 0.8709831833839417,
      "yellow": 0.010162906721234322,
      "orange": 0.001410546014085412
    },
    "0.0001": {
      "red": 0.027930935844779015,
      "blue": 0.03427611291408539,
      "green": 0.8848192095756531,
      "yellow": 0.006924047600477934,
      "orange": 0.001413619378581643
    }
  },
  "purple": {
    "0": {
      "red": 0.012403087690472603,
      "blue": 0.8809360861778259,
      "green": 0.016213882714509964,
      "yellow": 0.01196138933300972,
      "orange": 0.0016523151425644755
    },
    "1e-06": {
      "red": 0.014173394069075584,
      "blue": 0.8712868094444275,
      "green": 0.01897025853395462,
      "yellow": 0.01235888246446848,
      "orange": 0.0018142721382901073
    },
    "3e-06": {
      "red": 0.01820898801088333,
      "blue": 0.8101548552513123,
      "green": 0.02512279711663723,
      "yellow": 0.013670001178979874,
      "orange": 0.002178494120016694
    },
    "1e-05": {
      "red": 0.02309097908437252,
      "blue": 0.3435557186603546,
      "green": 0.03323889523744583,
      "yellow": 0.014286957681179047,
      "orange": 0.002411545254290104
    },
    "3e-05": {
      "red": 0.004849675577133894,
      "blue": 0.019657734781503677,
      "green": 0.0069579388946294785,
      "yellow": 0.0038565590512007475,
      "orange": 0.0009855241514742374
    },
    "0.0001": {
      "red": 4.9884067266248167e-05,
      "blue": 0.0001920922804856673,
      "green": 6.132861744845286e-05,
      "yellow": 5.119723209645599e-05,
      "orange": 2.167479760828428e-05
    }
  }
}