{
  "orange": {
    "-0.001": {
      "orange": 3.5035694757104067e-17,
      "blue": 5.226917232370454e-10,
      "red": 2.389812653325052e-11,
      "yellow": 5.051500190367264e-11,
      "green": 7.404840629554599e-10,
      "purple": 6.506762489921769e-11
    },
    "0": {
      "orange": 0.0016523151425644755,
      "blue": 0.8809360861778259,
      "red": 0.012403087690472603,
      "yellow": 0.01196138933300972,
      "green": 0.016213882714509964,
      "purple": 0.01657239720225334
    },
    "0.001": {
      "orange": 0.9999982118606567,
      "blue": 2.1288634917404625e-12,
      "red": 3.263275283674205e-12,
      "yellow": 5.555276291063782e-12,
      "green": 4.4091244327457146e-13,
      "purple": 7.94449315361101e-12
    },
    "0.0005": {
      "orange": 0.9999969005584717,
      "blue": 1.199992466505151e-10,
      "red": 1.1482645390081814e-10,
      "yellow": 1.0042418452371749e-08,
      "green": 5.684194226418526e-10,
      "purple": 2.6719462198343535e-09
    },
    "0.00025": {
      "orange": 0.9999649524688721,
      "blue": 1.9659784911141287e-08,
      "red": 7.186451966845198e-08,
      "yellow": 1.7466593362769345e-06,
      "green": 2.9062942985547124e-07,
      "purple": 2.559048937200714e-07
    },
    "0.000125": {
      "orange": 0.9996069073677063,
      "blue": 2.2845597413834184e-06,
      "red": 1.4184891369950492e-05,
      "yellow": 8.372523006983101e-05,
      "green": 1.927620542119257e-05,
      "purple": 1.60594136104919e-05
    },
    "6.25e-05": {
      "orange": 0.9931858777999878,
      "blue": 0.00012981111649423838,
      "red": 0.0007542594685219228,
      "yellow": 0.0017691281391307712,
      "green": 0.0005804308457300067,
      "purple": 0.0005898322560824454
    },
    "3.125e-05": {
      "orange": 0.9054269790649414,
      "blue": 0.004968318622559309,
      "red": 0.01681624725461006,
      "yellow": 0.020509695634245872,
      "green": 0.008329760283231735,
      "purple": 0.009773226454854012
    },
    "1.5625e-05": {
      "orange": 0.4474211633205414,
      "blue": 0.15539154410362244,
      "red": 0.10378966480493546,
      "yellow": 0.08123696595430374,
      "green": 0.044743798673152924,
      "purple": 0.04678840562701225
    },
    "-0.0005": {
      "orange": 3.6585457339391567e-16,
      "blue": 4.4337920002135434e-08,
      "red": 2.1455275334147927e-09,
      "yellow": 2.487911210380389e-09,
      "green": 1.8347821040265444e-09,
      "purple": 1.1861436277627035e-09
    },
    "-0.00025": {
      "orange": 3.746958189249336e-18,
      "blue": 8.237797666232893e-10,
      "red": 6.709364175350174e-10,
      "yellow": 8.692280402400332e-12,
      "green": 9.833261982450381e-11,
      "purple": 1.1986461302682105e-11
    },
    "-0.000125": {
      "orange": 5.284314038421663e-16,
      "blue": 9.307662196533784e-09,
      "red": 1.3069448634439595e-08,
      "yellow": 9.49349279744105e-11,
      "green": 3.58637763930858e-09,
      "purple": 1.5636487937786825e-10
    },
    "-6.25e-05": {
      "orange": 6.612135020284474e-14,
      "blue": 8.58209929788245e-08,
      "red": 7.974838212021496e-08,
      "yellow": 1.0340057698954297e-09,
      "green": 5.302876715518323e-08,
      "purple": 9.513433374408464e-10
    },
    "-3.125e-05": {
      "orange": 1.3994869152433864e-10,
      "blue": 8.19643355498556e-06,
      "red": 1.0827363894350128e-07,
      "yellow": 3.275571458516424e-08,
      "green": 1.210812115459703e-06,
      "purple": 4.481951521029259e-08
    },
    "-1.5625e-05": {
      "orange": 6.543406372294669e-10,
      "blue": 1.1931265362363774e-05,
      "red": 2.2647931530173082e-07,
      "yellow": 1.6091323118416767e-07,
      "green": 1.8810752635545214e-06,
      "purple": 3.179592624746874e-07
    },
    "-7.8125e-06": {
      "orange": 1.625343315936334e-06,
      "blue": 0.026159876957535744,
      "red": 0.00010105170804308727,
      "yellow": 0.0002862385008484125,
      "green": 0.00041439972119405866,
      "purple": 0.000229665485676378
    },
    "-3.90625e-06": {
      "orange": 0.0001290954533033073,
      "blue": 0.6874836683273315,
      "red": 0.0032010863069444895,
      "yellow": 0.0058131092227995396,
      "green": 0.007068736478686333,
      "purple": 0.005591617431491613
    },
    "7.8125e-06": {
      "orange": 0.09028434008359909,
      "blue": 0.5555378794670105,
      "red": 0.08706224709749222,
      "yellow": 0.056136611849069595,
      "green": 0.04905220866203308,
      "purple": 0.05322374030947685
    },
    "-5.859375e-06": {
      "orange": 2.1599671526928432e-05,
      "blue": 0.24403131008148193,
      "red": 0.0008828539284877479,
      "yellow": 0.0022034281864762306,
      "green": 0.002626927336677909,
      "purple": 0.001763738109730184
    },
    "2.34375e-05": {
      "orange": 0.7641680240631104,
      "blue": 0.026560423895716667,
      "red": 0.04709431529045105,
      "yellow": 0.04702358692884445,
      "green": 0.02104930952191353,
      "purple": 0.02347761206328869
    },
    "-4.8828125e-06": {
      "orange": 5.9053774748463184e-05,
      "blue": 0.48104429244995117,
      "red": 0.0019030015682801604,
      "yellow": 0.004106142092496157,
      "green": 0.0048561859875917435,
      "purple": 0.003544992534443736
    },
    "1.171875e-05": {
      "orange": 0.24605603516101837,
      "blue": 0.323052316904068,
      "red": 0.1145491972565651,
      "yellow": 0.07871199399232864,
      "green": 0.053063854575157166,
      "purple": 0.055344052612781525
    },
    "3.90625e-06": {
      "orange": 0.01708742044866085,
      "blue": 0.7764820456504822,
      "red": 0.04047885164618492,
      "yellow": 0.02834516391158104,
      "green": 0.03244855999946594,
      "purple": 0.03619208186864853
    },
    "1.953125e-05": {
      "orange": 0.6306619048118591,
      "blue": 0.06571929901838303,
      "red": 0.07422205805778503,
      "yellow": 0.06620221585035324,
      "green": 0.032081425189971924,
      "purple": 0.03458278998732567
    },
    "-5.37109375e-06": {
      "orange": 3.687606658786535e-05,
      "blue": 0.3583708107471466,
      "red": 0.0013424583012238145,
      "yellow": 0.0031302522402256727,
      "green": 0.0036953305825591087,
      "purple": 0.002588379429653287
    },
    "9.765625e-06": {
      "orange": 0.15876711905002594,
      "blue": 0.4345581531524658,
      "red": 0.10545854270458221,
      "yellow": 0.06920792162418365,
      "green": 0.05293774604797363,
      "purple": 0.056092001497745514
    },
    "5.859375e-06": {
      "orange": 0.04344450309872627,
      "blue": 0.6746554374694824,
      "red": 0.06346277892589569,
      "yellow": 0.04169769585132599,
      "green": 0.041737399995326996,
      "purple": 0.046273261308670044
    },
    "-6.8359375e-06": {
      "orange": 6.27819372311933e-06,
      "blue": 0.08874663710594177,
      "red": 0.00031851071980781853,
      "yellow": 0.0008757403702475131,
      "green": 0.0011123818112537265,
      "purple": 0.0006826259777881205
    },
    "-4.3945312500000005e-06": {
      "orange": 8.923288260120898e-05,
      "blue": 0.5944980382919312,
      "red": 0.002529921941459179,
      "yellow": 0.005018316209316254,
      "green": 0.005998971406370401,
      "purple": 0.004560461267828941
    },
    "1.3671875e-05": {
      "orange": 0.3452928066253662,
      "blue": 0.22878728806972504,
      "red": 0.1132892444729805,
      "yellow": 0.08285881578922272,
      "green": 0.04998248070478439,
      "purple": 0.05192317068576813
    },
    "-1.953125e-06": {
      "orange": 0.0004724534519482404,
      "blue": 0.8606996536254883,
      "red": 0.006548319477587938,
      "yellow": 0.008385250344872475,
      "green": 0.011065300554037094,
      "purple": 0.010128384456038475
    },
    "1.7578125000000002e-05": {
      "orange": 0.5443389415740967,
      "blue": 0.10217492282390594,
      "red": 0.08965568244457245,
      "yellow": 0.07504662871360779,
      "green": 0.03847150132060051,
      "purple": 0.04077833518385887
    },