{
  "orange": {
    "1e-06": {
      "red": 0.01794242672622204,
      "blue": 0.8601099252700806,
      "green": 0.02111581340432167,
      "yellow": 0.015979887917637825,
      "orange": 0.003668559482321143
    },
    "3e-06": {
      "red": 0.04082706198096275,
      "blue": 0.7412660717964172,
      "green": 0.03833296149969101,
      "yellow": 0.0317864753305912,
      "orange": 0.019718386232852936
    }
  }
}