{
  "orange": {
    "0": {
      "orange": 0.0016523151425644755,
      "blue": 0.8809360861778259,
      "red": 0.012403087690472603,
      "yellow": 0.01196138933300972,
      "green": 0.016213882714509964,
      "purple": 0.01657239720225334
    },
    "1e-06": {
      "orange": 0.0031128900591284037,
      "blue": 0.8686805963516235,
      "red": 0.01711949147284031,
      "yellow": 0.014769285917282104,
      "green": 0.019634708762168884,
      "purple": 0.020858922973275185
    },
    "3e-06": {
      "orange": 0.010385828092694283,
      "blue": 0.813707172870636,
      "red": 0.0315578319132328,
      "yellow": 0.02319745346903801,
      "green": 0.028109529986977577,
      "purple": 0.03114415891468525
    },
    "1e-05": {
      "orange": 0.16853679716587067,
      "blue": 0.42055657505989075,
      "red": 0.1071556806564331,
      "yellow": 0.07061300426721573,
      "green": 0.05321885272860527,
      "purple": 0.05611957237124443
    },
    "3e-05": {
      "orange": 0.8914812803268433,
      "blue": 0.006363981403410435,
      "red": 0.01983865723013878,
      "yellow": 0.023366287350654602,
      "green": 0.009709374979138374,
      "purple": 0.011180090717971325
    },
    "0.0001": {
      "orange": 0.9989268183708191,
      "blue": 1.0674725672288332e-05,
      "red": 6.563997885677963e-05,
      "yellow": 0.00026247126515954733,
      "green": 6.946656503714621e-05,
      "purple": 6.105920328991488e-05
    }
  },
  "blue": {
    "0": {
      "orange": 0.0016523151425644755,
      "blue": 0.8809360861778259,
      "red": 0.012403087690472603,
      "yellow": 0.01196138933300972,
      "green": 0.016213882714509964,
      "purple": 0.01657239720225334
    },
    "1e-06": {
      "orange": 0.001188655267469585,
      "blue": 0.9130618572235107,
      "red": 0.01039011962711811,
      "yellow": 0.008931568823754787,
      "green": 0.01550190057605505,
      "purple": 0.014633968472480774
    },
    "3e-06": {
      "orange": 0.0006646704277954996,
      "blue": 0.9419798851013184,
      "red": 0.007854362018406391,
      "yellow": 0.005514194257557392,
      "green": 0.014629809185862541,
      "purple": 0.011060287244617939
    },
    "1e-05": {
      "orange": 0.00018559668387752026,
      "blue": 0.9673324227333069,
      "red": 0.0051301829516887665,
      "yellow": 0.002290481235831976,
      "green": 0.014994900673627853,
      "purple": 0.004206954035907984
    },
    "3e-05": {
      "orange": 6.425172614399344e-05,
      "blue": 0.9828625321388245,
      "red": 0.0018899883143603802,
      "yellow": 0.0005698451423086226,
      "green": 0.010492842644453049,
      "purple": 0.0007161323446780443
    },
    "0.0001": {
      "orange": 5.386749762692489e-05,
      "blue": 0.9807012677192688,
      "red": 0.0005250389222055674,
      "yellow": 0.00010036179446615279,
      "green": 0.0013756564585492015,
      "purple": 0.0002476532245054841
    }
  },
  "red": {
    "0": {
      "orange": 0.0016523151425644755,
      "blue": 0.8809360861778259,
      "red": 0.012403087690472603,
      "yellow": 0.01196138933300972,
      "green": 0.016213882714509964,
      "purple": 0.01657239720225334
    },
    "1e-06": {
      "orange": 0.0018095818813890219,
      "blue": 0.8800902962684631,
      "red": 0.025776568800210953,
      "yellow": 0.01290978118777275,
      "green": 0.01814933493733406,
      "purple": 0.018346242606639862
    },
    "3e-06": {
      "orange": 0.002063149819150567,
      "blue": 0.8220214247703552,
      "red": 0.09181245416402817,
      "yellow": 0.014650369994342327,
      "green": 0.021306265145540237,
      "purple": 0.019828321412205696
    },
    "1e-05": {
      "orange": 0.0013389745727181435,
      "blue": 0.22168132662773132,
      "red": 0.7374882102012634,
      "yellow": 0.008706316351890564,
      "green": 0.012513085268437862,
      "purple": 0.006433473899960518
    },
    "3e-05": {
      "orange": 0.0020354650914669037,
      "blue": 0.018491076305508614,
      "red": 0.9597830176353455,
      "yellow": 0.0029657501727342606,
      "green": 0.002136761089786887,
      "purple": 0.0006345535512082279
    },
    "0.0001": {
      "orange": 0.006223548669368029,
      "blue": 0.005957520566880703,
      "red": 0.9387327432632446,
      "yellow": 0.0016874956199899316,
      "green": 0.0007312290254049003,
      "purple": 0.00013574605691246688
    }
  },
  "yellow": {
    "0": {
      "orange": 0.0016523151425644755,
      "blue": 0.8809360861778259,
      "red": 0.012403087690472603,
      "yellow": 0.01196138933300972,
      "green": 0.016213882714509964,
      "purple": 0.01657239720225334
    },
    "1e-06": {
      "orange": 0.001983259804546833,
      "blue": 0.8784626126289368,
      "red": 0.0157452579587698,
      "yellow": 0.018729669973254204,
      "green": 0.01998436450958252,
      "purple": 0.018281426280736923
    },
    "3e-06": {
      "orange": 0.0029526057187467813,
      "blue": 0.834803581237793,
      "red": 0.025924308225512505,
      "yellow": 0.04560466483235359,
      "green": 0.030492398887872696,
      "purple": 0.02091379091143608
    },
    "1e-05": {
      "orange": 0.0067920079454779625,
      "blue": 0.37275993824005127,
      "red": 0.0729367583990097,
      "yellow": 0.43151187896728516,
      "green": 0.06312258541584015,
      "purple": 0.014006941579282284
    },
    "3e-05": {
      "orange": 0.003448718460276723,
      "blue": 0.011122136376798153,
      "red": 0.0227610245347023,
      "yellow": 0.942916750907898,
      "green": 0.01345185749232769,
      "purple": 0.0009804151486605406
    },
    "0.0001": {
      "orange": 0.0012627713149413466,
      "blue": 0.0004050199349876493,
      "red": 0.0011948224855586886,
      "yellow": 0.992240309715271,
      "green": 0.0010215522488579154,
      "purple": 0.00017377328185830265
    }
  },
  "green": {
    "0": {
      "orange": 0.0016523151425644755,
      "blue": 0.8809360861778259,
      "red": 0.012403087690472603,
      "yellow": 0.01196138933300972,
      "green": 0.016213882714509964,
      "purple": 0.01657239720225334
    },
    "1e-06": {
      "orange": 0.0017114072106778622,
      "blue": 0.8797358870506287,
      "red": 0.013944972306489944,
      "yellow": 0.012255811132490635,
      "green": 0.027931537479162216,
      "purple": 0.01756325736641884
    },
    "3e-06": {
      "orange": 0.0019379107980057597,
      "blue": 0.8372704982757568,
      "red": 0.018423981964588165,
      "yellow": 0.013637734577059746,
      "green": 0.07273856550455093,
      "purple": 0.018978390842676163
    },
    "1e-05": {
      "orange": 0.002626410685479641,
      "blue": 0.44819244742393494,
      "red": 0.037143684923648834,
      "yellow": 0.02006818912923336,
      "green": 0.44991743564605713,
      "purple": 0.014181110076606274
    },
    "3e-05": {
      "orange": 0.001410546014085412,
      "blue": 0.08043298125267029,
      "red": 0.020689310505986214,
      "yellow": 0.010162906721234322,
      "green": 0.8709831833839417,
      "purple": 0.002960249548777938
    },
    "0.0001": {
      "orange": 0.001413619378581643,
      "blue": 0.03427611291408539,
      "red": 0.027930935844779015,
      "yellow": 0.006924047600477934,
      "green": 0.8848192095756531,
      "purple": 0.0015904849860817194
    }
  },
  "purple": {
    "0": {
      "orange": 0.0016523151425644755,
      "blue": 0.8809360861778259,
      "red": 0.012403087690472603,
      "yellow": 0.01196138933300972,
      "green": 0.016213882714509964,
      "purple": 0.01657239720225334
    },
    "1e-06": {
      "orange": 0.0018142721382901073,
      "blue": 0.8712868094444275,
      "red": 0.014173394069075584,
      "yellow": 0.01235888246446848,
      "green": 0.01897025853395462,
      "purple": 0.029138242825865746
    },
    "3e-06": {
      "orange": 0.002178494120016694,
      "blue": 0.8101548552513123,
      "red": 0.01820898801088333,
      "yellow": 0.013670001178979874,
      "green": 0.02512279711663723,